{"_step":100,"_timestamp":1.7446607227884986e+09,"pointwise/loss":{"10":0.009359285235404968,"7":0.011184340342879295,"11":0.006386442109942436,"3":0.01743902824819088,"12":0.009789888747036457,"2":0.010193870402872562,"9":0.007472960744053125,"8":0.0018646110547706485,"0":0.019236508756875992,"4":0.003850746899843216,"1":0.009018240496516228,"6":0.009715886786580086,"5":0.007331223227083683},"excess_loss":0.008189536506930988,"ema_last_loss":0.00910184334451888,"_runtime":2.626768576,"n_points":13,"n_dims":5,"total_n_params":3680065,"_wandb":{"runtime":2},"overall_loss":0.009449465200304985}