{"ema_last_loss":0.013980030402992626,"_runtime":9913.073738927,"pointwise/loss":{"17":3.1851634979248047,"28":0.0277940072119236,"10":14.238977432250977,"12":9.20889663696289,"30":0.018554486334323883,"6":15.248138427734375,"32":0.013467986136674881,"39":0.011900456622242928,"35":0.018702078610658646,"3":17.252294540405273,"40":0.010949542745947838,"13":6.20015811920166,"36":0.015471961349248886,"7":15.0574951171875,"27":0.029454203322529793,"29":0.021056413650512695,"24":0.06875310838222504,"20":0.31324270367622375,"38":0.01262436993420124,"0":19.154829025268555,"8":11.215218544006348,"21":0.3217853903770447,"15":5.658000469207764,"34":0.01636573113501072,"23":0.060773804783821106,"33":0.02040320262312889,"26":0.022981446236371994,"16":3.1618690490722656,"14":5.482421875,"31":0.017963239923119545,"22":0.11796420067548752,"37":0.010130397975444794,"25":0.06045016273856163,"2":15.751076698303223,"5":11.938593864440918,"11":8.700298309326172,"9":9.340831756591797,"18":1.4664325714111328,"19":2.1166415214538574,"4":18.028579711914062,"1":12.395303726196289},"_timestamp":1.7446734412813592e+09,"n_points":41,"n_dims":20,"overall_loss":5.024683475494385,"total_n_params":23397633,"_step":199500,"excess_loss":0.981009630929856,"_wandb":{"runtime":9913}}