{"ema_last_loss":0.00910184334451888,"total_n_params":3680065,"n_dims":5,"_wandb":{"runtime":13},"n_points":13,"excess_loss":0.008189536506930988,"pointwise/loss":{"10":0.009359285235404968,"9":0.007472960744053125,"12":0.009789888747036457,"6":0.009715886786580086,"11":0.006386442109942436,"8":0.0018646110547706485,"0":0.019236508756875992,"7":0.011184340342879295,"2":0.010193870402872562,"1":0.009018240496516228,"3":0.01743902824819088,"4":0.003850746899843216,"5":0.007331223227083683},"_step":100,"_timestamp":1.7446610540321283e+09,"overall_loss":0.009449465200304985,"_runtime":13.006568006}