{
  "standard": {
    "gpt2_embd=64_layer=4_head=8": {
      "mean": [
        0.5126911401748657,
        0.5219035148620605,
        0.49876147508621216,
        0.5122803449630737,
        0.48235854506492615,
        0.5180762410163879,
        0.4900433421134949,
        0.49927806854248047,
        0.48890939354896545,
        0.5138091444969177,
        0.5028461813926697,
        0.4648670554161072,
        0.4938475489616394
      ],
      "std": [
        0.6281021237373352,
        0.6338027119636536,
        0.6155550479888916,
        0.6351804137229919,
        0.5849669575691223,
        0.6250740885734558,
        0.6238760948181152,
        0.6202635765075684,
        0.6173979640007019,
        0.613190233707428,
        0.6259827017784119,
        0.5788001418113708,
        0.6173458099365234
      ],
      "bootstrap_low": [
        0.4837263524532318,
        0.4923540949821472,
        0.4691379964351654,
        0.4839938282966614,
        0.4564710259437561,
        0.4919046461582184,
        0.46064528822898865,
        0.4704834520816803,
        0.46108928322792053,
        0.48633918166160583,
        0.4726307988166809,
        0.439006507396698,
        0.4660109877586365
      ],
      "bootstrap_high": [
        0.5420174598693848,
        0.5513654947280884,
        0.5277588367462158,
        0.5408234596252441,
        0.5093439221382141,
        0.5474658012390137,
        0.5191622972488403,
        0.5279548764228821,
        0.5154748558998108,
        0.5412682890892029,
        0.5328480005264282,
        0.4905470311641693,
        0.524120032787323
      ]
    },
    "NN_n=3_uniform": {
      "mean": [
        2.140550350304693e-07,
        4.3414735273472616e-07,
        1.122486636973008e-07,
        9.541476941876681e-08,
        8.062342260473088e-08,
        2.0013308699162735e-07,
        9.517071219988793e-08,
        1.1114955356106293e-07,
        2.149496367565007e-07,
        1.553130459797103e-07,
        8.444710886124085e-08,
        7.927879863700582e-08,
        9.506002385251122e-08
      ],
      "std": [
        6.583830781892175e-06,
        1.008833078230964e-05,
        2.5279255169152748e-06,
        1.6707107306501712e-06,
        1.2585564945766237e-06,
        2.8735385058098473e-06,
        1.3730078762819176e-06,
        1.897690822261211e-06,
        5.406538093666313e-06,
        3.3878698104672367e-06,
        1.3040036037637037e-06,
        1.0599019333312754e-06,
        1.2749052302751807e-06
      ],
      "bootstrap_low": [
        1.144990768864318e-09,
        3.066365295012474e-08,
        1.0531637784083614e-08,
        2.6285103871259707e-08,
        3.051610519833048e-08,
        8.057884315348929e-08,
        3.743105025932891e-08,
        3.3914577812765856e-08,
        3.845673290925333e-08,
        3.5609019732874e-08,
        3.359948408387936e-08,
        3.7292700483249064e-08,
        4.2452501958223365e-08
      ],
      "bootstrap_high": [
        5.769329618487973e-07,
        9.783077530300943e-07,
        2.483929790741968e-07,
        1.76626798520374e-07,
        1.4864311026485666e-07,
        3.3232944929295627e-07,
        1.6959013748873986e-07,
        2.0465263617097662e-07,
        5.078947538095235e-07,
        3.348297923366772e-07,
        1.5382454421342118e-07,
        1.325597906998155e-07,
        1.593457881199356e-07
      ]
    },
    "averaging": {
      "mean": [
        7.094358522863331e-08,
        7.511251283176534e-07,
        2.2448875824920833e-07,
        2.388762538885203e-07,
        1.4953657512251084e-07,
        2.6393610141894897e-07,
        6.064830415652978e-08,
        1.3576666901826684e-07,
        2.21818282852837e-07,
        6.564025767374915e-08,
        1.4852075480575877e-07,
        8.185244126934776e-08,
        5.0920522909336796e-08
      ],
      "std": [
        2.031330041063484e-06,
        1.6837822840898298e-05,
        3.619688186518033e-06,
        4.375397111289203e-06,
        2.7950402454735013e-06,
        6.021643457643222e-06,
        7.876755034885718e-07,
        3.7186277950240765e-06,
        5.014718226448167e-06,
        6.814051403125632e-07,
        2.610342107800534e-06,
        1.2804894140572287e-06,
        6.54897576168878e-07
      ],
      "bootstrap_low": [
        6.600183954930117e-09,
        9.99783225097417e-08,
        8.379016946946649e-08,
        5.5165337187190744e-08,
        4.348036242163289e-08,
        4.534364350661235e-08,
        2.7091328291817263e-08,
        2.166374635237389e-08,
        3.793999781009916e-08,
        3.71879878002801e-08,
        4.521930563328169e-08,
        2.978195468017475e-08,
        2.366115481322595e-08
      ],
      "bootstrap_high": [
        1.7895658288580307e-07,
        1.611778543519904e-06,
        4.1266747530244174e-07,
        4.576826029278891e-07,
        2.927393438767467e-07,
        6.11839084285748e-07,
        9.892757191209967e-08,
        3.451653185493342e-07,
        4.963171136296296e-07,
        1.0085998525255491e-07,
        2.7888756903848844e-07,
        1.50447405644627e-07,
        8.231604908814916e-08
      ]
    }
  }
}